id,spoiler
0, in need of a kidney
1, We're always being encouraged to help others before we help ourselves
2, income inequality
3, Braconid
4, Cured egg yolks
5," Rdio.com has compiled a playlist of selections from Williams' ""Star Wars"" scores"
6," 1. Take a long, warm shower with sweet-smelling essential oils."
7, can distract the dog from what they need to do
8, Lord Ivar Mountbatten
9, the Mad Fientist
10," ""Who is watching your kids?"""
11, be disingenuous or misrepresent your brand's identity
12, Celia Cruz
13," ""I've got three more years on my contract with United and the desire to win more titles here."""
14," The protagonist of ""Malibu,"" the third short story in Ottessa Moshfegh’s new collection"
15, $117 billion
16, the swine transformation represented the greed that took place during Japan's bubble economy of the 80s
17," The exhibition ""posits the thought that shopping malls have become a kind of replacement for religious structures in our contemporary consumer society,"""
18, 1. Get an education
19, New York
20, Michael Sam
21, Police
22,!
23, longline yellow raincoat
24, raise awareness about the number of children who face sexual abuse around the world
25," Gender matters not when you're rocking the Force like you are, baby!"
26, A
27, Most Americans think climate change
28," ""But ultimately, this is a message to the establishment. It’s an anti-establishment year."""
29, Y Combinator
30, 1. Iceland
31, side-eye
32, the majority of food waste arises from the home
33," Unfortunately, the NES Classic Edition is not available for pre-order just yet"
34, price of college textbooks
35, he belts out a few of his favorite Broadway tunes
36," Laziness, he said, stops you from wasting time on things that aren’t worth your time."
37, Austin
38, incredibly variable disorder in many ways
39,YInMn blue
40, blue
41," It is a form of apophenia, when people see patterns in random, unconnected data"
42,Parenthood
43, combination of heat and humidity allow bacteria to grow faster and smells to travel further
44, albino raccoon
45, Jason Aldean
46, Don’t cross JK Rowling.
47," 1,448.7 days"
48, Russell Wilson is just about one of the most humble
49, might not get used
50, Rodgers earned the role on his talent alone
51, Thea: The Awakening
52, the people keep pushing it on us
53, Discretionary foods (aka junk)
54, Pennsylvania
55, plastic debris
56, age
57, Amber
58,"playing dead."""
59, Miley Cyrus
60,.
61, Toggle off the option which allows to set the date and time of the device automatically.
62, 10 percent of people didn't wash their hands after using the bathroom
63, Jussie Smollett
64, Clinton is demolishing Trump on the question of who has the right personality and temperament to be president
65, snap a picture of your boarding pass and post it to Facebook.
66," ""Delaware loophole"""
67, Kevin Hart
68, HBO signed a deal with Amazon to make its archive of television programs available for streaming for Prime customers
69," $12,500 per month"
70, Apple has ditched its premium sapphire glass from both the new home button and the camera lens
71, University of Vermont
72, Doors open based on who you know
73, 1. Museum of Modern Art
74,"a vegan athlete can compete effectively at a high level."""
75, now the book's protagonist - a former inmate - and author have reunited to return to the prison for a new documentary film
76, it has a moon
77, Tokyo
78, a glimpse
79, Mexico City
80, MS Dhoni
81, tumor was on her pituitary gland
82,undercut
83," had plastic surgery years ago to make her eyes look ""bigger"" and advance her career"
84, Neuphoric Anti-Aging Cream
85," improved fat loss, increased calorie burn compared to steady-state workouts, muscular strength gains, and improved cardiovascular function."
86, Katy Perry
87, The Netherlands
88,.
89," World War I is trench warfare, it can’t be fun to play."
90, A photograph of a doormat glued to two pieces of foam.
91, 1. A SINGLE TABLESPOON HAS MORE SUGAR THAN A CHOCOLATE CHIP COOKIE.
92, Kat Cole
93, 1937 Bugatti Type 57S
94," ""I like Donald Trump because he speaks from the heart,"""
95, Peter Pilotto
96," irregular working hours and work stress in the IT, media industry and BPOs."
97,"Hey Trump, f*** you!"
98," Nebraska allocates its electoral college votes not in the usual winner-take-all method, but by congressional district."
99,cancel the Paris Climate Plan
100, 1. Adventurous Christmas: Chile
101, SECOND WIND
102, sedentary
103, online multiplayer unplayable
104, raw apple and raw lettuce
105, severe allergic reaction that John had experienced called anaphylaxis
106, fettuccine Alfredo
107, serious heart condition
108," For the first 30 days, I didn't eat any potatoes, pasta, white rice, flour, soda or sugar"
109," no properties were lost during a bushfire around the town of Gwindinup south-east of Bunbury, which has now been contained"
110, 1.) Housing — everyone that we met improved their housing situation in some way
111," far less of a crime problem than alcohol, a drug which few officers had a problem with."
112," Seagulls are what biologists called kleptoparasites , animals that rob the food of other species."
113, the title
114, Shamus Beaglehole
115," When you trade your DNA for information you are also giving it away -- and the database you give it to, owns it."
116, Wolverampton
117, colourful igloo
118," For starters, it clocks in at 106 minutes and its cast barely extends beyond the four central actors."
119, Ruby Tuesday (RT)
120," Last week, yields on all of its government bonds, out to 50 years, turned negative"
121, Towels. - Read more over
122, J. Crew
123, Andy Stern
124, to allow the main characters to grow up
125, Trump
126, for a watch
127, dead whale
128," ""Destiny"""
129," he doesn’t believe in the piece by piece upgrading of systems, and you won’t be seeing that with the Xbox One."
130, as of June 20 members who had Costco AmEx cards should switch over to the new Costco Visa Anywhere card
131, online gaming
132, He became the world's first professional Kim Jong Un impersonator.
133,"Only 1 participant out of 85 correctly recalled the Apple logo, and fewer than half of all participants correctly identified the logo,"" the researchers wrote."
134, Ammon Bundy
135, frostbite
136," whitewashing , a Yes, we’re talking about, a casting practice that gives historically nonwhite character roles to white actors"
137, A
138, used condoms being discarded under beds and women flashing the porter instead of giving a tip
139, Bad language...ill thoughts...rude ideas...negative radical views...I don’t need.
140, José Jose
141, $634 billion
142," The unemployment rate in November fell to 4.6 percent, the lowest in nine years,"
143," smaller brains (more efficient, not dumber), resistance to diseases, increases in ADHD and blue eyes."
144," 24-week pregnant woman facing danger to her life due to an abnormality in the foetus, the Supreme Court on Monday granted her permission to terminate her pregnancy"
145, it’s been time to panic for a while
146, Wax inside a whale’s ear stores all sorts of useful information on the animal’s exposure to pollutants and stress levels throughout life
147, replace all the larger vessels with those of smaller sizes
148," ""No,"" she apparently replied, before pointing at the policeman and adding: ""But he has."""
149," Sunday, May 8"
150, I think it will be really good.
151, The Rock
152, Jackson Vroman
153, 1. Ideas Have Consequences by Richard Weaver
154, Researchers from the Massachusetts Institute of Technology (MIT) have developed a prototype imaging system that’s able to read pages of a book without opening it
155, Katherine Heigl's behavior on set has become notoriously difficult
156, Kiwi
157, potatoes
158, Stop using a heavy coverage foundation
159, Jay Pharoah
160, Idaho
161, readers of fiction are more empathetic towards others
162, Katrina Henry
163, A person’s music taste indicates nothing conclusive about a person’s brain power
164, Ernestine Shepherd
165," synaptic connections that get used less get marked by a protein, C1q"
166," If the IOC does ban Russia, that’s enough medals to throw any Olympic predictions seriously out of whack."
167, penis
168, 1. Don't touch her bump
169, being a single mom
170," $765,759"
171," young people have been drinking less, and are less likely to get into traffic accidents"
172, Oregon
173, incredible slide that was once a staircase
174, ambassadorial capacity
175," The Oscar winner will play a younger version of Kathleen Turner's character, Fraida Felcher."
176, never taking things for granted and helping spread awareness of children’s cancer
177," most items have not continued to drop in value, and many have risen back to their pre-announcement price."
178, tahini
179," the singer emphasized his civilized side by singing the set's opening number ""Prancer"" sitting on a couch, reading newspaper and sipping tea"
180,"He went for the apple and the cherry and left behind the strawberry rhubarb, so he was a picky little guy"
181, paper bag
182, Brussels sprouts
183, Sephora Instant Moisturizer
184, Jimmy Smits
185,.
186, never
187, rejecting a fans’s gift and calling it ‘shit’
188, 5. Beyond Good & Evil 2
189, face.
190, played outside with her friends
191, Laura Bush
192, Michael Brain
193,Because it’s got cooked tomatoes on it which are bad for your throat and give you acid reflux
194," Undeterred by the handsy fan, JT managed to swat away the woman -- while still keeping rhythm."
195," Depending on your priorities, it might be"
196, Colorado
197," fell to 234,000"
198, It simply couldn't make enough toys
199, I’m not killing off Harrison [Ford] at the end of it
200, An e-Passport contains an electronic chip
201, 1. The action’s going to pick back up in Fall of 1984.
202," ""God’s Pocket,"""
203," stacks upon stacks of bills. As in, money. Lots of it"
204," As the Honda Accord kept moving, he climbed almost imperceptibly out of the driver’s window."
205, Tulsiram Manere
206, Ailish Sheehan
207, celebrating small wins
208, Chicago
209, sexual objectification
210, There is no other way to know what truly happens inside but to go there.
211, french fry
212, several stalagmites had been deliberately broken. Most of the 400 pieces had been arranged into two rings
213, got distracted by her own ‘erotic thoughts.’
214, Sarah Gailey
215, It has to do with Cleveland changing its offensive system and defensive ideology on the fly against perhaps the greatest team of all-time.
216, Eatsa
217," $10,527,843,932"
218, By dialing the secret phone number 1-999-367-3767
219, colleges
220,Praise
221, The couple is still seen together
222, Chien Chih-cheng
223," in North Carolina for allegedly spraying anti-Trump, anti-police, and ""Black Lives Matter"" graffiti on several businesses and a police car"
224, Emily Gardner
225, Menelik Watson
226," ""Feeling This,"""
227, black spandex pants
228, Ana
229, Charles Barkley
230, Greg
231,pears
232, Blake McIver
233," As of Sunday in Illinois, it is now legal to hunt for catfish with pitchforks or spears."
234,""""
235, 1. Miley Cyrus
236, laughed off her mistake
237,""""
238, It was Lola's turn to sit on Santa's lap. But what the pit bull/English boxer mix
239," will be skewered through parody on tonight’s episode of ""Inside Amy Schumer."""
240,""""
241," negotiations with the European Union over the country’s exit will require the engagement of the Scottish, Welsh and Northern Ireland governments."
242, deep sense of purpose and positive impact in your role
243, 60-year-old woman sitting alone in her car reading a book
244, Emperor Palpatine's granddaughter
245, Lisa Brown
246," With the reported $115 million raised from the Ice Bucket Challenge, the ALS Association funded six research projects"
247," ""Venus Holes"" are a sign of good circulation and a healthy body"
248,cupping
249, This week security forces of the Palestinian Islamist movement Hamas have arrested dozens of Gaza residents for participating in protests against cuts to the electricity supply
250," Trees might sleep after dark, according to precise laser measurements that detected the plants' branches drooping at night."
251, lead by example
252," This week, Taser filed a pair of lawsuits claiming that the body cameras of competitor Vievu are defective."
253, the real crown jewels of the ADB canteen
254," Dr. Weil is an influential public supporter of a previously little-known breathing technique known as the ""4-7-8 exercise."""
255, college graduation
256, chopsticks holder
257," make great organizational tools for jewelry, cuff links and other trinkets"
258, there are few conclusive studies to show that athletes are more likely to commit sex crimes.
259, losing weight
260, there is nothing morally wrong with voting for a flawed candidate if you think he will do more good for the nation than his opponent
261, packed with nutrients that are beneficial and healthy for you
262, Ben Bernanke
263, Jordan Klepper
264, Online ID protection
265, sleep deprivation
266, Feb. 24
267, drinking blood can kill us
268, handling their money and talking about it with their partners
269, polymyalgia rheumatica
270," the Cubs poured it on in the 10th inning, scoring 2 runs to provide the cushion they needed."
271, Rule No. 1: Don’t
272, used as a drink coaster
273, a pet
274," ""I live inside my own heart, Matt Damon."""
275, computer operating system (voiced by Johansson)
276, mutation
277," Dawn Grace lost her son four years ago, and now she meets the man who received his heart in a transplant. Source: KMTV"
278,"Last month, I made the decision to go blond"
279, the seventh inning stretch
280, adding a teaspoon of coconut oil
281, knead their paws into you
282, spy camera
283, equestrian ranch in California
284, Louisville
285," According to a transcript of the interview, Trump’s remarks about profiling did not include the word ""racial."""
286,"Men’s shirts have more room, so it’s easier to slip them off over your head; women don’t have that option,"""
287, the Stark sigil was back in its rightful place
288, lime green
289, When Aaron Judge
290," Thiruvananthapuram, India"
291, pizza
292, 1. Ecuador
293, changes to gut bacteria
294," Belle (Emma Watson) is more than a bold, beautiful bookworm and devoted daughter -- she’s also a teacher and inventor."
295, acoustic version
296, morality
297," The idea of changing culture is important to me, and it can only be done in a popular medium."""
298, Mr Burger
299, Hot dogs
300, Peter Facinelli
301, Chris Pratt
302, Diagnostic medical sonographer
303, CEO
304, rosemary
305," 1,080"
306, Google
307, 1. CHILI PEPPERS
308, Intrepid
309, in the MORNINGS
310," University of California, Los Angeles"
311, people who think they’re doing good
312,capture the pigeon’ mode
313," ""Easy Britney"" but when it is translated in Hindi, PC can be heard saying, ""Chal Na Katrina"""
314, February 24
315, seven and a half
316," By watching the trailer for ""G.B.F."""
317, Muncie Animal Shelter
318,"pussy"""
319, Thursday
320, new wars in the Middle East
321, Lawrence Phillips
322," Carrer Avinyó, a gorgeous Barcelona apartment designed by David Kohn Architects"
323," Marriott Rewards has committed to sponsor Johnson’s mission to catch the remaining Pokémon in Europe, Japan and Australia."
324, never give up and keep being an amazing mom
325," localized, renewable energy creates backup support systems on the grid that don’t fail with natural disasters or terrorism"
326," In humans, it's possible, but it's very uncommon."
327, Colin Quinn
328, focus on them as new distribution points for content that’s already been created
329, He thought his find might have been something archeologically significant
330," $1,427"
331, 1. Lunch Boxes
332, The evacuation of civilians and opposition fighters from eastern Aleppo have been suspended after rebels opened fire on a convoy
333, the lost and hidden city of Skara Brae
334, Sir Bradley Wiggins
335, firing a gun
336, If Elliott can give this offense what DeMarco Murray provided in 2014
337, Pikaqiu
338, Whitney Thompson is back in the spotlight! The plus-size stunner is shilling sexy lingerie for Britain's Panache Lingerie's new Sculptresse line
339, greenhouse gases
340," ""This is a work of fiction. Any similarity to actual persons, living or dead, or actual events, is purely coincidental."""
341," the reaction is due to the novelty and unexpectedness of finding an unusual object secretly placed whilst their heads were down in the food bowl."""
342, water
343," ""Captain Phillips,"""
344," just as the big cat goes to pounce, the man spins around and starts laughing and playing with him like they're bezzie mates"
345, rag
346," To show support for law enforcement, Chick-fil-A has unveiled their ""Back The Blue"" t-shirts"
347, Houston
348, Kathy and Brandon Gunn on their wedding day Kathy Gunn News Feed app-facebook
349, swipe
350, Elle
351, smelling
352, the man couldn’t stop sniffling
353, coconut oil with a pinch of turmeric
354, keep you hydrated but also take longer for your body to process so you buy some time between bathroom breaks
355, Megan Dixon
356, Chris Crocker
357," Men are more likely to have a heart attack after a snowfall, and it's probably from the exertion of shoveling snow"
358, newborn
359, A number 7 on the McDonalds menu is a Ranch BLT with either grilled or crispy chicken
360, Minnesota
361," ""If you are dropping off your son’s forgotten lunch, books, homework, equipment, etc., please TURN AROUND and exit the building,"
362,Connectivity can depend heavily on location so I really don’t know what to say
363," Two women asked another woman for directions, hugged her, and ended up stealing her jewelry"
364, Cecily Strong
365," 1. When it comes to food, you won’t just eat any old thing."
366, Arizona
367, airline greed
368," ""I would say just judging by the street names and locations, it’s closer to Springfield, Oregon,"
369," Just a few days before her rescue, Norah had given birth to nine tiny puppies!"
370, Sony confirmed that the company was not against cross-console support and open to the idea of allowing PlayStation 4 players to play online against other consoles.
371," the canisters Bruce Wayne/Batman used have ""Pb"" — the abbreviation for lead in the Periodic Table of Elements — etched on them."
372,post-micturition convulsion syndrome
373," 2004 BO41, will have a ‘near Earth pass’ later this afternoon"
374," ""Where do you see yourself in five years?"
375," ""Dumb British blond fucks 15 million people at once."""
376, Pat Patterson
377,bullshitting
378, Yvette Nicole Brown
379, Florida
380,"Hagrid couldn't produce a Patronus. It's a very difficult spell."""
381, Democrat Jason Kander looks to be running very strongly in the exit polls.
382," The average (median, technically) across all couples, though, was 5.4 minutes."
383, he could not locate the guy sitting right in front of him
384, monoclonal antibodies
385, BOOM – Portugal
386, white pepper
387, receptive anal play
388, Banking on bad movies
389, Klefki
390," ""I don’t pretend to be an ordinary housewife. I am not and couldn’t be,"""
391, Hillary Clinton
392," This was clearly a crack house, and he was standing there with a dealers stash. People have gotten killed for less."
393, HSBC suggests that the country makes more targeted and productive investments in the manufacturing and industrial sectors
394, deadly water hemlock
395," The video below shows the stunned cleaner initially refusing to accept the tip, before another hotel worker reassured her by saying, ""You deserve it."""
396, Christopher Suprun
397, sugar and carbs appeared to be the main culprits for her aggressive bouts of acne.
398, a form of data integrity verification
399, Richard Belzer
